transaction_id,attended
T000001,1
T000002,1
T000003,1
T000004,1
T000005,1
T000006,1
T000007,1
T000008,1
T000009,1
T000010,1
T000011,1
T000012,1
T000013,1
T000014,1
T000015,1
T000016,1
T000017,1
T000018,1
T000019,1
T000020,1
T000021,1
T000022,1
T000023,1
T000024,0
T000025,1
T000026,0
T000027,1
T000028,0
T000029,1
T000030,1
T000031,1
T000032,1
T000033,0
T000034,1
T000035,1
T000036,1
T000037,1
T000038,1
T000039,1
T000040,1
T000041,1
T000042,1
T000043,1
T000044,1
T000045,1
T000046,1
T000047,1
T000048,1
T000049,1
T000050,1
T000051,1
T000052,0
T000053,1
T000054,1
T000055,1
T000056,1
T000057,1
T000058,1
T000059,1
T000060,1
T000061,1
T000062,1
T000063,1
T000064,0
T000065,1
T000066,1
T000067,1
T000068,0
T000069,1
T000070,1
T000071,1
T000072,1
T000073,1
T000074,1
T000075,1
T000076,1
T000077,1
T000078,1
T000079,1
T000080,1
T000081,1
T000082,1
T000083,1
T000084,1
T000085,0
T000086,1
T000087,1
T000088,1
T000089,1
T000090,1
T000091,1
T000092,1
T000093,1
T000094,1
T000095,1
T000096,1
T000097,0
T000098,1
T000099,1
T000100,1
T000101,1
T000102,1
T000103,1
T000104,1
T000105,1
T000106,1
T000107,1
T000108,1
T000109,1
T000110,1
T000111,1
T000112,1
T000113,1
T000114,1
T000115,1
T000116,1
T000117,1
T000118,1
T000119,1
T000120,1
T000121,1
T000122,1
T000123,1
T000124,1
T000125,1
T000126,1
T000127,1
T000128,1
T000129,1
T000130,0
T000131,1
T000132,1
T000133,1
T000134,1
T000135,1
T000136,1
T000137,0
T000138,0
T000139,1
T000140,0
T000141,1
T000142,1
T000143,1
T000144,1
T000145,1
T000146,1
T000147,1
T000148,1
T000149,1
T000150,0
T000151,1
T000152,1
T000153,1
T000154,1
T000155,1
T000156,1
T000157,0
T000158,1
T000159,1
T000160,1
T000161,1
T000162,1
T000163,1
T000164,1
T000165,1
T000166,1
T000167,1
T000168,1
T000169,1
T000170,1
T000171,1
T000172,1
T000173,1
T000174,1
T000175,1
T000176,1
T000177,1
T000178,1
T000179,1
T000180,1
T000181,0
T000182,1
T000183,1
T000184,1
T000185,1
T000186,1
T000187,1
T000188,1
T000189,1
T000190,1
T000191,1
T000192,0
T000193,1
T000194,1
T000195,1
T000196,0
T000197,1
T000198,1
T000199,1
T000200,1
T000201,0
T000202,1
T000203,1
T000204,1
T000205,1
T000206,1
T000207,1
T000208,0
T000209,1
T000210,1
T000211,1
T000212,1
T000213,1
T000214,1
T000215,1
T000216,1
T000217,1
T000218,1
T000219,1
T000220,1
T000221,1
T000222,0
T000223,1
T000224,1
T000225,1
T000226,0
T000227,1
T000228,1
T000229,1
T000230,1
T000231,0
T000232,1
T000233,1
T000234,1
T000235,0
T000236,1
T000237,1
T000238,1
T000239,1
T000240,1
T000241,1
T000242,1
T000243,1
T000244,1
T000245,1
T000246,1
T000247,1
T000248,1
T000249,1
T000250,1
T000251,1
T000252,1
T000253,1
T000254,1
T000255,1
T000256,1
T000257,1
T000258,0
T000259,1
T000260,1
T000261,1
T000262,1
T000263,1
T000264,1
T000265,1
T000266,1
T000267,1
T000268,1
T000269,1
T000270,1
T000271,0
T000272,1
T000273,1
T000274,1
T000275,0
T000276,1
T000277,1
T000278,1
T000279,1
T000280,1
T000281,1
T000282,1
T000283,1
T000284,1
T000285,1
T000286,1
T000287,1
T000288,1
T000289,0
T000290,1
T000291,1
T000292,1
T000293,1
T000294,1
T000295,1
T000296,1
T000297,1
T000298,1
T000299,1
T000300,1
T000301,1
T000302,1
T000303,1
T000304,1
T000305,1
T000306,1
T000307,0
T000308,1
T000309,1
T000310,0
T000311,1
T000312,1
T000313,1
T000314,1
T000315,1
T000316,1
T000317,1
T000318,0
T000319,1
T000320,0
T000321,1
T000322,0
T000323,1
T000324,1
T000325,1
T000326,1
T000327,1
T000328,1
T000329,0
T000330,1
T000331,1
T000332,1
T000333,1
T000334,1
T000335,1
T000336,0
T000337,1
T000338,1
T000339,1
T000340,0
T000341,1
T000342,1
T000343,1
T000344,1
T000345,1
T000346,1
T000347,1
T000348,1
T000349,1
T000350,1
T000351,1
T000352,1
T000353,1
T000354,1
T000355,0
T000356,1
T000357,1
T000358,1
T000359,1
T000360,1
T000361,1
T000362,1
T000363,1
T000364,1
T000365,1
T000366,1
T000367,1
T000368,1
T000369,1
T000370,1
T000371,1
T000372,1
T000373,1
T000374,1
T000375,1
T000376,1
T000377,1
T000378,1
T000379,1
T000380,1
T000381,1
T000382,1
T000383,1
T000384,1
T000385,1
T000386,1
T000387,1
T000388,1
T000389,1
T000390,0
T000391,1
T000392,1
T000393,1
T000394,1
T000395,1
T000396,1
T000397,1
T000398,1
T000399,1
T000400,1
T000401,1
T000402,1
T000403,1
T000404,1
T000405,1
T000406,1
T000407,1
T000408,1
T000409,0
T000410,1
T000411,1
T000412,1
T000413,1
T000414,1
T000415,1
T000416,1
T000417,1
T000418,0
T000419,1
T000420,1
T000421,1
T000422,1
T000423,1
T000424,1
T000425,1
T000426,1
T000427,1
T000428,1
T000429,1
T000430,1
T000431,1
T000432,1
T000433,1
T000434,1
T000435,1
T000436,1
T000437,1
T000438,1
T000439,1
T000440,1
T000441,1
T000442,1
T000443,1
T000444,1
T000445,1
T000446,1
T000447,0
T000448,0
T000449,1
T000450,1
T000451,1
T000452,1
T000453,1
T000454,1
T000455,1
T000456,1
T000457,1
T000458,1
T000459,1
T000460,1
T000461,1
T000462,0
T000463,1
T000464,1
T000465,1
T000466,1
T000467,1
T000468,1
T000469,1
T000470,1
T000471,1
T000472,1
T000473,1
T000474,1
T000475,1
T000476,0
T000477,1
T000478,1
T000479,1
T000480,1
T000481,1
T000482,1
T000483,1
T000484,1
T000485,1
T000486,1
T000487,1
T000488,1
T000489,1
T000490,1
T000491,1
T000492,1
T000493,1
T000494,0
T000495,1
T000496,1
T000497,0
T000498,0
T000499,1
T000500,1
T000501,1
T000502,1
T000503,1
T000504,1
T000505,1
T000506,1
T000507,1
T000508,1
T000509,1
T000510,1
T000511,1
T000512,1
T000513,1
T000514,1
T000515,1
T000516,0
T000517,1
T000518,1
T000519,1
T000520,1
T000521,1
T000522,1
T000523,1
T000524,1
T000525,1
T000526,1
T000527,1
T000528,1
T000529,1
T000530,1
T000531,0
T000532,1
T000533,1
T000534,1
T000535,1
T000536,1
T000537,0
T000538,0
T000539,1
T000540,1
T000541,1
T000542,1
T000543,1
T000544,1
T000545,0
T000546,1
T000547,1
T000548,1
T000549,1
T000550,0
T000551,1
T000552,0
T000553,1
T000554,1
T000555,1
T000556,1
T000557,1
T000558,1
T000559,1
T000560,1
T000561,1
T000562,1
T000563,1
T000564,0
T000565,1
T000566,1
T000567,1
T000568,1
T000569,1
T000570,1
T000571,1
T000572,1
T000573,1
T000574,1
T000575,1
T000576,1
T000577,1
T000578,1
T000579,1
T000580,1
T000581,1
T000582,1
T000583,1
T000584,1
T000585,1
T000586,1
T000587,1
T000588,1
T000589,1
T000590,1
T000591,1
T000592,1
T000593,1
T000594,1
T000595,1
T000596,1
T000597,1
T000598,1
T000599,1
T000600,1
T000601,1
T000602,1
T000603,1
T000604,0
T000605,1
T000606,1
T000607,0
T000608,1
T000609,1
T000610,1
T000611,1
T000612,1
T000613,1
T000614,1
T000615,1
T000616,1
T000617,1
T000618,1
T000619,1
T000620,1
T000621,0
T000622,0
T000623,1
T000624,1
T000625,1
T000626,1
T000627,1
T000628,1
T000629,1
T000630,1
T000631,1
T000632,1
T000633,1
T000634,1
T000635,1
T000636,1
T000637,1
T000638,1
T000639,1
T000640,1
T000641,1
T000642,1
T000643,1
T000644,1
T000645,1
T000646,1
T000647,1
T000648,1
T000649,0
T000650,1
T000651,1
T000652,1
T000653,1
T000654,1
T000655,1
T000656,1
T000657,1
T000658,1
T000659,1
T000660,1
T000661,1
T000662,1
T000663,0
T000664,1
T000665,1
T000666,1
T000667,0
T000668,1
T000669,1
T000670,1
T000671,1
T000672,1
T000673,0
T000674,1
T000675,1
T000676,0
T000677,1
T000678,1
T000679,1
T000680,1
T000681,1
T000682,1
T000683,1
T000684,0
T000685,1
T000686,1
T000687,1
T000688,0
T000689,1
T000690,1
T000691,1
T000692,1
T000693,1
T000694,1
T000695,1
T000696,1
T000697,1
T000698,1
T000699,1
T000700,1
T000701,1
T000702,1
T000703,1
T000704,1
T000705,1
T000706,1
T000707,1
T000708,1
T000709,1
T000710,1
T000711,1
T000712,1
T000713,1
T000714,1
T000715,1
T000716,1
T000717,1
T000718,1
T000719,0
T000720,0
T000721,1
T000722,1
T000723,1
T000724,1
T000725,1
T000726,1
T000727,0
T000728,1
T000729,1
T000730,1
T000731,1
T000732,0
T000733,1
T000734,1
T000735,1
T000736,0
T000737,0
T000738,1
T000739,1
T000740,1
T000741,0
T000742,1
T000743,1
T000744,1
T000745,1
T000746,1
T000747,1
T000748,1
T000749,1
T000750,1
T000751,1
T000752,1
T000753,1
T000754,1
T000755,1
T000756,1
T000757,1
T000758,1
T000759,1
T000760,1
T000761,1
T000762,1
T000763,1
T000764,1
T000765,1
T000766,1
T000767,1
T000768,1
T000769,1
T000770,1
T000771,1
T000772,1
T000773,1
T000774,1
T000775,1
T000776,1
T000777,1
T000778,1
T000779,1
T000780,1
T000781,1
T000782,1
T000783,1
T000784,1
T000785,1
T000786,1
T000787,1
T000788,1
T000789,1
T000790,1
T000791,1
T000792,1
T000793,1
T000794,1
T000795,0
T000796,1
T000797,1
T000798,1
T000799,1
T000800,1
T000801,1
T000802,1
T000803,1
T000804,1
T000805,1
T000806,1
T000807,1
T000808,1
T000809,1
T000810,1
T000811,1
T000812,1
T000813,1
T000814,1
T000815,1
T000816,1
T000817,1
T000818,1
T000819,1
T000820,1
T000821,1
T000822,1
T000823,1
T000824,1
T000825,1
T000826,0
T000827,1
T000828,0
T000829,1
T000830,1
T000831,1
T000832,1
T000833,1
T000834,1
T000835,1
T000836,0
T000837,1
T000838,1
T000839,1
T000840,1
T000841,1
T000842,1
T000843,0
T000844,1
T000845,1
T000846,1
T000847,1
T000848,1
T000849,1
T000850,1
T000851,1
T000852,1
T000853,0
T000854,1
T000855,0
T000856,1
T000857,1
T000858,1
T000859,0
T000860,1
T000861,1
T000862,1
T000863,1
T000864,1
T000865,1
T000866,1
T000867,1
T000868,1
T000869,1
T000870,1
T000871,1
T000872,0
T000873,1
T000874,1
T000875,1
T000876,1
T000877,1
T000878,1
T000879,0
T000880,1
T000881,1
T000882,1
T000883,1
T000884,1
T000885,1
T000886,1
T000887,1
T000888,0
T000889,1
T000890,1
T000891,1
T000892,1
T000893,1
T000894,1
T000895,1
T000896,1
T000897,1
T000898,1
T000899,1
T000900,1
T000901,1
T000902,1
T000903,1
T000904,1
T000905,1
T000906,1
T000907,1
T000908,1
T000909,1
T000910,1
T000911,1
T000912,1
T000913,1
T000914,1
T000915,0
T000916,1
T000917,1
T000918,0
T000919,1
T000920,1
T000921,1
T000922,1
T000923,1
T000924,1
T000925,1
T000926,1
T000927,1
T000928,1
T000929,1
T000930,1
T000931,1
T000932,1
T000933,0
T000934,1
T000935,1
T000936,1
T000937,1
T000938,1
T000939,1
T000940,1
T000941,1
T000942,1
T000943,1
T000944,1
T000945,1
T000946,1
T000947,1
T000948,1
T000949,1
T000950,1
T000951,1
T000952,1
T000953,1
T000954,1
T000955,1
T000956,1
T000957,0
T000958,1
T000959,1
T000960,0
T000961,1
T000962,1
T000963,1
T000964,1
T000965,1
T000966,1
T000967,1
T000968,1
T000969,1
T000970,1
T000971,1
T000972,1
T000973,1
T000974,1
T000975,1
T000976,1
T000977,1
T000978,1
T000979,1
T000980,1
T000981,1
T000982,1
T000983,1
T000984,1
T000985,1
T000986,0
T000987,1
T000988,1
T000989,1
T000990,0
T000991,1
T000992,1
T000993,0
T000994,1
T000995,1
T000996,1
T000997,1
T000998,1
T000999,1
T001000,1
T001001,1
T001002,0
T001003,1
T001004,1
T001005,1
T001006,1
T001007,1
T001008,1
T001009,1
T001010,1
T001011,1
T001012,1
T001013,0
T001014,1
T001015,1
T001016,1
T001017,1
T001018,1
T001019,1
T001020,1
T001021,1
T001022,1
T001023,1
T001024,1
T001025,1
T001026,1
T001027,1
T001028,1
T001029,1
T001030,1
T001031,1
T001032,1
T001033,1
T001034,1
T001035,1
T001036,1
T001037,1
T001038,0
T001039,1
T001040,1
T001041,1
T001042,1
T001043,1
T001044,1
T001045,1
T001046,1
T001047,1
T001048,1
T001049,1
T001050,1
T001051,1
T001052,1
T001053,1
T001054,1
T001055,1
T001056,1
T001057,1
T001058,1
T001059,1
T001060,1
T001061,1
T001062,1
T001063,1
T001064,1
T001065,1
T001066,1
T001067,1
T001068,1
T001069,1
T001070,0
T001071,1
T001072,1
T001073,1
T001074,1
T001075,1
T001076,1
T001077,1
T001078,1
T001079,1
T001080,1
T001081,1
T001082,1
T001083,1
T001084,1
T001085,1
T001086,0
T001087,1
T001088,1
T001089,1
T001090,1
T001091,1
T001092,1
T001093,1
T001094,1
T001095,1
T001096,1
T001097,1
T001098,1
T001099,1
T001100,1
T001101,1
T001102,1
T001103,1
T001104,0
T001105,1
T001106,1
T001107,1
T001108,1
T001109,1
T001110,1
T001111,1
T001112,1
T001113,0
T001114,1
T001115,1
T001116,1
T001117,1
T001118,1
T001119,1
T001120,1
T001121,1
T001122,1
T001123,1
T001124,1
T001125,1
T001126,1
T001127,1
T001128,1
T001129,1
T001130,0
T001131,1
T001132,1
T001133,1
T001134,1
T001135,0
T001136,1
T001137,1
T001138,1
T001139,1
T001140,1
T001141,1
T001142,1
T001143,1
T001144,1
T001145,1
T001146,1
T001147,1
T001148,0
T001149,1
T001150,1
T001151,1
T001152,1
T001153,1
T001154,1
T001155,1
T001156,1
T001157,1
T001158,1
T001159,1
T001160,1
T001161,1
T001162,1
T001163,1
T001164,1
T001165,1
T001166,1
T001167,1
T001168,1
T001169,1
T001170,1
T001171,1
T001172,1
T001173,0
T001174,1
T001175,1
T001176,1
T001177,1
T001178,1
T001179,1
T001180,0
T001181,1
T001182,0
T001183,1
T001184,1
T001185,1
T001186,1
T001187,1
T001188,1
T001189,1
T001190,1
T001191,1
T001192,0
T001193,1
T001194,1
T001195,1
T001196,1
T001197,1
T001198,1
T001199,1
T001200,1
T001201,1
T001202,1
T001203,0
T001204,1
T001205,1
T001206,1
T001207,1
T001208,1
T001209,1
T001210,1
T001211,1
T001212,1
T001213,1
T001214,1
T001215,1
T001216,1
T001217,1
T001218,1
T001219,1
T001220,1
T001221,1
T001222,1
T001223,1
T001224,1
T001225,1
T001226,1
T001227,1
T001228,1
T001229,1
T001230,1
T001231,1
T001232,1
T001233,1
T001234,1
T001235,1
T001236,1
T001237,1
T001238,1
T001239,1
T001240,1
T001241,1
T001242,1
T001243,1
T001244,1
T001245,0
T001246,1
T001247,0
T001248,0
T001249,1
T001250,1
T001251,1
T001252,1
T001253,1
T001254,0
T001255,1
T001256,0
T001257,1
T001258,1
T001259,1
T001260,0
T001261,1
T001262,0
T001263,1
T001264,1
T001265,1
T001266,1
T001267,1
T001268,1
T001269,1
T001270,1
T001271,1
T001272,1
T001273,1
T001274,1
T001275,1
T001276,1
T001277,1
T001278,0
T001279,1
T001280,1
T001281,1
T001282,1
T001283,1
T001284,1
T001285,1
T001286,1
T001287,1
T001288,1
T001289,1
T001290,1
T001291,1
T001292,1
T001293,1
T001294,1
T001295,1
T001296,1
T001297,1
T001298,1
T001299,1
T001300,1
T001301,1
T001302,1
T001303,1
T001304,0
T001305,1
T001306,1
T001307,1
T001308,1
T001309,1
T001310,1
T001311,1
T001312,1
T001313,0
T001314,1
T001315,1
T001316,1
T001317,1
T001318,1
T001319,1
T001320,1
T001321,0
T001322,1
T001323,1
T001324,1
T001325,1
T001326,1
T001327,1
T001328,1
T001329,1
T001330,1
T001331,1
T001332,1
T001333,1
T001334,1
T001335,1
T001336,1
T001337,1
T001338,0
T001339,1
T001340,1
T001341,1
T001342,1
T001343,1
T001344,1
T001345,1
T001346,1
T001347,1
T001348,1
T001349,1
T001350,1
T001351,1
T001352,0
T001353,1
T001354,0
T001355,1
T001356,1
T001357,1
T001358,1
T001359,1
T001360,1
T001361,1
T001362,1
T001363,1
T001364,1
T001365,1
T001366,1
T001367,0
T001368,1
T001369,1
T001370,1
T001371,1
T001372,1
T001373,1
T001374,1
T001375,1
T001376,1
T001377,1
T001378,1
T001379,0
T001380,1
T001381,1
T001382,1
T001383,1
T001384,1
T001385,1
T001386,0
T001387,1
T001388,1
T001389,1
T001390,1
T001391,1
T001392,1
T001393,1
T001394,1
T001395,1
T001396,1
T001397,1
T001398,1
T001399,1
T001400,1
T001401,1
T001402,1
T001403,1
T001404,0
T001405,1
T001406,1
T001407,0
T001408,1
T001409,1
T001410,1
T001411,1
T001412,1
T001413,1
T001414,0
T001415,1
T001416,1
T001417,0
T001418,1
T001419,1
T001420,1
T001421,1
T001422,1
T001423,1
T001424,1
T001425,1
T001426,1
T001427,1
T001428,1
T001429,1
T001430,1
T001431,1
T001432,1
T001433,1
T001434,0
T001435,1
T001436,1
T001437,1
T001438,1
T001439,1
T001440,1
T001441,1
T001442,1
T001443,1
T001444,1
T001445,1
T001446,1
T001447,1
T001448,1
T001449,1
T001450,1
T001451,1
T001452,1
T001453,1
T001454,1
T001455,1
T001456,1
T001457,1
T001458,1
T001459,1
T001460,1
T001461,1
T001462,1
T001463,1
T001464,1
T001465,1
T001466,1
T001467,1
T001468,1
T001469,1
T001470,0
T001471,1
T001472,1
T001473,1
T001474,1
T001475,1
T001476,1
T001477,1
T001478,1
T001479,1
T001480,1
T001481,1
T001482,1
T001483,0
T001484,1
T001485,1
T001486,1
T001487,1
T001488,1
T001489,1
T001490,1
T001491,1
T001492,1
T001493,1
T001494,1
T001495,1
T001496,1
T001497,1
T001498,1
T001499,1
T001500,1
T001501,1
T001502,1
T001503,1
T001504,1
T001505,1
T001506,1
T001507,1
T001508,1
T001509,1
T001510,1
T001511,1
T001512,1
T001513,1
T001514,0
T001515,1
T001516,1
T001517,1
T001518,1
T001519,1
T001520,0
T001521,1
T001522,1
T001523,1
T001524,1
T001525,1
T001526,1
T001527,1
T001528,1
T001529,1
T001530,1
T001531,1
T001532,1
T001533,1
T001534,1
T001535,1
T001536,1
T001537,1
T001538,0
T001539,1
T001540,1
T001541,1
T001542,0
T001543,1
T001544,1
T001545,1
T001546,1
T001547,1
T001548,1
T001549,1
T001550,1
T001551,1
T001552,1
T001553,1
T001554,0
T001555,0
T001556,1
T001557,1
T001558,1
T001559,1
T001560,1
T001561,1
T001562,1
T001563,1
T001564,1
T001565,1
T001566,1
T001567,1
T001568,1
T001569,1
T001570,1
T001571,1
T001572,1
T001573,1
T001574,1
T001575,0
T001576,1
T001577,1
T001578,1
T001579,1
T001580,0
T001581,1
T001582,1
T001583,1
T001584,1
T001585,0
T001586,1
T001587,1
T001588,1
T001589,1
T001590,1
T001591,1
T001592,1
T001593,1
T001594,1
T001595,1
T001596,1
T001597,1
T001598,1
T001599,1
T001600,1
T001601,1
T001602,1
T001603,1
T001604,1
T001605,1
T001606,1
T001607,0
T001608,1
T001609,0
T001610,1
T001611,1
T001612,1
T001613,1
T001614,1
T001615,1
T001616,1
T001617,1
T001618,1
T001619,1
T001620,1
T001621,1
T001622,1
T001623,0
T001624,0
T001625,1
T001626,1
T001627,1
T001628,1
T001629,1
T001630,1
T001631,1
T001632,1
T001633,1
T001634,1
T001635,1
T001636,1
T001637,1
T001638,0
T001639,0
T001640,1
T001641,1
T001642,1
T001643,1
T001644,1
T001645,1
T001646,1
T001647,1
T001648,1
T001649,1
T001650,1
T001651,1
T001652,1
T001653,1
T001654,1
T001655,0
T001656,0
T001657,1
T001658,1
T001659,1
T001660,1
T001661,1
T001662,0
T001663,0
T001664,1
T001665,1
T001666,1
T001667,0
T001668,1
T001669,1
T001670,1
T001671,0
T001672,1
T001673,1
T001674,1
T001675,1
T001676,1
T001677,1
T001678,1
T001679,1
T001680,0
T001681,1
T001682,1
T001683,0
T001684,1
T001685,1
T001686,1
T001687,1
T001688,1
T001689,1
T001690,1
T001691,1
T001692,1
T001693,1
T001694,1
T001695,1
T001696,1
T001697,1
T001698,1
T001699,1
T001700,0
T001701,1
T001702,1
T001703,1
T001704,1
T001705,1
T001706,1
T001707,1
T001708,1
T001709,1
T001710,1
T001711,1
T001712,1
T001713,1
T001714,1
T001715,1
T001716,0
T001717,1
T001718,1
T001719,1
T001720,1
T001721,1
T001722,1
T001723,1
T001724,1
T001725,1
T001726,1
T001727,1
T001728,1
T001729,1
T001730,1
T001731,1
T001732,0
T001733,1
T001734,1
T001735,1
T001736,0
T001737,1
T001738,1
T001739,1
T001740,1
T001741,0
T001742,1
T001743,1
T001744,1
T001745,0
T001746,1
T001747,1
T001748,1
T001749,1
T001750,1
T001751,1
T001752,1
T001753,0
T001754,1
T001755,1
T001756,1
T001757,0
T001758,0
T001759,1
T001760,0
T001761,0
T001762,1
T001763,1
T001764,1
T001765,1
T001766,1
T001767,1
T001768,1
T001769,1
T001770,1
T001771,1
T001772,1
T001773,1
T001774,1
T001775,1
T001776,1
T001777,1
T001778,1
T001779,1
T001780,1
T001781,0
T001782,1
T001783,1
T001784,1
T001785,1
T001786,1
T001787,1
T001788,1
T001789,1
T001790,1
T001791,1
T001792,1
T001793,1
T001794,1
T001795,1
T001796,1
T001797,1
T001798,1
T001799,1
T001800,1
T001801,1
T001802,1
T001803,1
T001804,1
T001805,1
T001806,1
T001807,1
T001808,1
T001809,1
T001810,1
T001811,1
T001812,1
T001813,1
T001814,1
T001815,1
T001816,1
T001817,1
T001818,1
T001819,1
T001820,1
T001821,1
T001822,1
T001823,1
T001824,1
T001825,0
T001826,1
T001827,1
T001828,1
T001829,0
T001830,1
T001831,1
T001832,1
T001833,0
T001834,1
T001835,1
T001836,1
T001837,1
T001838,1
T001839,1
T001840,1
T001841,1
T001842,1
T001843,1
T001844,1
T001845,1
T001846,1
T001847,1
T001848,1
T001849,1
T001850,1
T001851,1
T001852,1
T001853,1
T001854,1
T001855,1
T001856,0
T001857,0
T001858,1
T001859,1
T001860,1
T001861,1
T001862,1
T001863,1
T001864,1
T001865,1
T001866,1
T001867,1
T001868,0
T001869,0
T001870,1
T001871,1
T001872,1
T001873,1
T001874,1
T001875,1
T001876,1
T001877,1
T001878,1
T001879,1
T001880,1
T001881,1
T001882,1
T001883,1
T001884,1
T001885,0
T001886,1
T001887,1
T001888,1
T001889,1
T001890,1
T001891,1
T001892,1
T001893,1
T001894,1
T001895,1
T001896,1
T001897,1
T001898,1
T001899,1
T001900,1
T001901,1
T001902,0
T001903,1
T001904,1
T001905,1
T001906,1
T001907,1
T001908,1
T001909,1
T001910,1
T001911,1
T001912,1
T001913,0
T001914,1
T001915,0
T001916,1
T001917,1
T001918,1
T001919,1
T001920,1
T001921,1
T001922,1
T001923,1
T001924,1
T001925,0
T001926,0
T001927,1
T001928,1
T001929,1
T001930,1
T001931,0
T001932,1
T001933,1
T001934,1
T001935,1
T001936,1
T001937,1
T001938,1
T001939,1
T001940,1
T001941,1
T001942,1
T001943,1
T001944,1
T001945,1
T001946,1
T001947,1
T001948,1
T001949,1
T001950,1
T001951,1
T001952,1
T001953,1
T001954,1
T001955,1
T001956,1
T001957,1
T001958,0
T001959,1
T001960,1
T001961,1
T001962,1
T001963,1
T001964,1
T001965,0
T001966,1
T001967,1
T001968,1
T001969,1
T001970,1
T001971,1
T001972,1
T001973,1
T001974,0
T001975,1
T001976,1
T001977,1
T001978,1
T001979,1
T001980,1
T001981,1
T001982,1
T001983,1
T001984,1
T001985,1
T001986,1
T001987,1
T001988,1
T001989,1
T001990,1
T001991,1
T001992,1
T001993,1
T001994,1
T001995,1
T001996,1
T001997,1
T001998,1
T001999,1
T002000,1
T002001,1
T002002,1
T002003,1
T002004,1
T002005,1
T002006,1
T002007,1
T002008,1
T002009,1
T002010,1
T002011,1
T002012,1
T002013,1
T002014,1
T002015,1
T002016,1
T002017,1
T002018,0
T002019,1
T002020,1
T002021,1
T002022,1
T002023,1
T002024,1
T002025,1
T002026,1
T002027,1
T002028,1
T002029,1
T002030,1
T002031,1
T002032,1
T002033,1
T002034,1
T002035,1
T002036,1
T002037,1
T002038,1
T002039,1
T002040,1
T002041,1
T002042,1
T002043,1
T002044,1
T002045,1
T002046,1
T002047,1
T002048,1
T002049,1
T002050,1
T002051,1
T002052,1
T002053,1
T002054,1
T002055,1
T002056,1
T002057,1
T002058,1
T002059,1
T002060,1
T002061,1
T002062,0
T002063,1
T002064,1
T002065,0
T002066,1
T002067,1
T002068,1
T002069,1
T002070,1
T002071,1
T002072,1
T002073,1
T002074,1
T002075,0
T002076,1
T002077,1
T002078,1
T002079,1
T002080,1
T002081,1
T002082,1
T002083,1
T002084,1
T002085,1
T002086,1
T002087,1
T002088,0
T002089,1
T002090,1
T002091,1
T002092,1
T002093,1
T002094,1
T002095,1
T002096,1
T002097,1
T002098,1
T002099,1
T002100,1
T002101,1
T002102,1
T002103,1
T002104,0
T002105,1
T002106,1
T002107,1
T002108,1
T002109,1
T002110,1
T002111,1
T002112,1
T002113,1
T002114,1
T002115,1
T002116,0
T002117,1
T002118,1
T002119,0
T002120,1
T002121,1
T002122,1
T002123,0
T002124,1
T002125,1
T002126,1
T002127,1
T002128,1
T002129,1
T002130,1
T002131,1
T002132,1
T002133,1
T002134,1
T002135,1
T002136,1
T002137,1
T002138,1
T002139,1
T002140,1
T002141,0
T002142,1
T002143,0
T002144,1
T002145,1
T002146,1
T002147,1
T002148,1
T002149,1
T002150,1
T002151,1
T002152,1
T002153,1
T002154,1
T002155,1
T002156,1
T002157,1
T002158,1
T002159,1
T002160,1
T002161,1
T002162,1
T002163,0
T002164,0
T002165,1
T002166,1
T002167,1
T002168,1
T002169,1
T002170,1
T002171,1
T002172,1
T002173,0
T002174,1
T002175,1
T002176,1
T002177,1
T002178,1
T002179,1
T002180,1
T002181,1
T002182,1
T002183,1
T002184,1
T002185,1
T002186,1
T002187,1
T002188,1
T002189,1
T002190,1
T002191,1
T002192,1
T002193,1
T002194,1
T002195,1
T002196,1
T002197,1
T002198,1
T002199,1
T002200,0
T002201,1
T002202,1
T002203,1
T002204,1
T002205,1
T002206,1
T002207,1
T002208,1
T002209,1
T002210,1
T002211,1
T002212,1
T002213,1
T002214,1
T002215,1
T002216,1
T002217,1
T002218,1
T002219,1
T002220,1
T002221,1
T002222,1
T002223,1
T002224,1
T002225,1
T002226,1
T002227,1
T002228,1
T002229,1
T002230,1
T002231,1
T002232,1
T002233,1
T002234,1
T002235,1
T002236,1
T002237,1
T002238,1
T002239,1
T002240,1
T002241,1
T002242,1
T002243,1
T002244,1
T002245,1
T002246,1
T002247,1
T002248,1
T002249,1
T002250,1
T002251,0
T002252,1
T002253,1
T002254,1
T002255,0
T002256,1
T002257,1
T002258,1
T002259,1
T002260,1
T002261,0
T002262,1
T002263,1
T002264,0
T002265,1
T002266,1
T002267,1
T002268,0
T002269,1
T002270,1
T002271,1
T002272,1
T002273,1
T002274,1
T002275,1
T002276,1
T002277,1
T002278,1
T002279,1
T002280,1
T002281,1
T002282,1
T002283,1
T002284,0
T002285,1
T002286,1
T002287,1
T002288,1
T002289,1
T002290,1
T002291,1
T002292,1
T002293,1
T002294,1
T002295,1
T002296,1
T002297,1
T002298,1
T002299,1
T002300,1
T002301,0
T002302,1
T002303,1
T002304,1
T002305,1
T002306,1
T002307,1
T002308,1
T002309,1
T002310,1
T002311,1
T002312,1
T002313,1
T002314,1
T002315,1
T002316,0
T002317,0
T002318,1
T002319,1
T002320,1
T002321,1
T002322,1
T002323,0
T002324,1
T002325,1
T002326,1
T002327,1
T002328,1
T002329,1
T002330,1
T002331,1
T002332,1
T002333,1
T002334,1
T002335,0
T002336,1
T002337,1
T002338,1
T002339,1
T002340,1
T002341,1
T002342,1
T002343,1
T002344,1
T002345,0
T002346,1
T002347,1
T002348,1
T002349,1
T002350,1
T002351,1
T002352,0
T002353,1
T002354,1
T002355,0
T002356,1
T002357,1
T002358,0
T002359,1
T002360,1
T002361,1
T002362,1
T002363,1
T002364,1
T002365,1
T002366,1
T002367,1
T002368,1
T002369,1
T002370,1
T002371,1
T002372,1
T002373,1
T002374,1
T002375,0
T002376,1
T002377,1
T002378,1
T002379,1
T002380,1
T002381,1
T002382,1
T002383,1
T002384,0
T002385,1
T002386,1
T002387,1
T002388,1
T002389,1
T002390,0
T002391,1
T002392,1
T002393,1
T002394,1
T002395,1
T002396,0
T002397,1
T002398,1
T002399,1
T002400,1
T002401,1
T002402,1
T002403,1
T002404,1
T002405,1
T002406,1
T002407,1
T002408,1
T002409,0
T002410,1
T002411,1
T002412,1
T002413,1
T002414,1
T002415,1
T002416,1
T002417,0
T002418,1
T002419,1
T002420,1
T002421,1
T002422,1
T002423,1
T002424,1
T002425,1
T002426,1
T002427,1
T002428,1
T002429,1
T002430,1
T002431,1
T002432,1
T002433,1
T002434,1
T002435,1
T002436,1
T002437,1
T002438,1
T002439,1
T002440,1
T002441,1
T002442,1
T002443,1
T002444,1
T002445,1
T002446,1
T002447,0
T002448,1
T002449,1
T002450,1
T002451,1
T002452,1
T002453,1
T002454,1
T002455,1
T002456,0
T002457,1
T002458,1
T002459,0
T002460,1
T002461,1
T002462,1
T002463,1
T002464,1
T002465,1
T002466,1
T002467,1
T002468,1
T002469,1
T002470,1
T002471,1
T002472,1
T002473,0
T002474,1
T002475,0
T002476,1
T002477,0
T002478,0
T002479,1
T002480,1
T002481,1
T002482,1
T002483,1
T002484,1
T002485,0
T002486,1
T002487,1
T002488,1
T002489,1
T002490,1
T002491,1
T002492,1
T002493,1
T002494,1
T002495,1
T002496,1
T002497,1
T002498,1
T002499,1
T002500,1
T002501,0
T002502,1
T002503,1
T002504,1
T002505,1
T002506,1
T002507,1
T002508,1
T002509,1
T002510,1
T002511,1
T002512,1
T002513,1
T002514,1
T002515,1
T002516,1
T002517,1
T002518,0
T002519,1
T002520,1
T002521,1
T002522,1
T002523,1
T002524,1
T002525,1
T002526,1
T002527,0
T002528,1
T002529,1
T002530,1
T002531,1
T002532,1
T002533,1
T002534,0
T002535,1
T002536,1
T002537,1
T002538,1
T002539,1
T002540,1
T002541,1
T002542,1
T002543,1
T002544,1
T002545,1
T002546,1
T002547,1
T002548,1
T002549,0
T002550,1
T002551,1
T002552,1
T002553,1
T002554,1
T002555,1
T002556,1
T002557,1
T002558,0
T002559,0
T002560,1
T002561,1
T002562,1
T002563,1
T002564,1
T002565,1
T002566,1
T002567,1
T002568,1
T002569,1
T002570,1
T002571,0
T002572,0
T002573,1
T002574,1
T002575,1
T002576,1
T002577,1
T002578,1
T002579,1
T002580,1
T002581,1
T002582,1
T002583,1
T002584,1
T002585,1
T002586,0
T002587,1
T002588,1
T002589,1
T002590,0
T002591,1
T002592,1
T002593,1
T002594,1
T002595,1
T002596,1
T002597,1
T002598,1
T002599,1
T002600,1
T002601,1
T002602,1
T002603,1
T002604,1
T002605,1
T002606,1
T002607,1
T002608,1
T002609,1
T002610,1
T002611,1
T002612,1
T002613,1
T002614,1
T002615,1
T002616,1
T002617,1
T002618,1
T002619,1
T002620,1
T002621,1
T002622,1
T002623,1
T002624,1
T002625,1
T002626,1
T002627,0
T002628,1
T002629,1
T002630,1
T002631,1
T002632,1
T002633,1
T002634,1
T002635,1
T002636,0
T002637,1
T002638,1
T002639,1
T002640,1
T002641,1
T002642,0
T002643,1
T002644,1
T002645,1
T002646,1
T002647,1
T002648,1
T002649,1
T002650,0
T002651,1
T002652,1
T002653,1
T002654,0
T002655,1
T002656,1
T002657,1
T002658,1
T002659,1
T002660,1
T002661,1
T002662,1
T002663,1
T002664,1
T002665,1
T002666,1
T002667,1
T002668,1
T002669,1
T002670,1
T002671,1
T002672,1
T002673,1
T002674,1
T002675,1
T002676,1
T002677,1
T002678,1
T002679,1
T002680,1
T002681,1
T002682,1
T002683,1
T002684,1
T002685,1
T002686,1
T002687,1
T002688,1
T002689,1
T002690,1
T002691,1
T002692,1
T002693,1
T002694,1
T002695,0
T002696,1
T002697,1
T002698,1
T002699,1
T002700,1
T002701,1
T002702,1
T002703,1
T002704,1
T002705,1
T002706,1
T002707,1
T002708,1
T002709,1
T002710,0
T002711,0
T002712,1
T002713,1
T002714,1
T002715,1
T002716,1
T002717,1
T002718,1
T002719,1
T002720,1
T002721,1
T002722,1
T002723,1
T002724,1
T002725,1
T002726,1
T002727,0
T002728,1
T002729,1
T002730,1
T002731,1
T002732,0
T002733,0
T002734,1
T002735,1
T002736,1
T002737,1
T002738,1
T002739,1
T002740,0
T002741,1
T002742,1
T002743,0
T002744,1
T002745,1
T002746,1
T002747,1
T002748,1
T002749,1
T002750,1
T002751,0
T002752,1
T002753,1
T002754,1
T002755,1
T002756,0
T002757,1
T002758,1
T002759,1
T002760,1
T002761,1
T002762,1
T002763,1
T002764,1
T002765,1
T002766,1
T002767,1
T002768,1
T002769,1
T002770,1
T002771,1
T002772,1
T002773,1
T002774,1
T002775,1
T002776,1
T002777,1
T002778,1
T002779,1
T002780,1
T002781,1
T002782,1
T002783,1
T002784,1
T002785,1
T002786,1
T002787,1
T002788,1
T002789,0
T002790,1
T002791,0
T002792,1
T002793,1
T002794,1
T002795,1
T002796,1
T002797,1
T002798,1
T002799,1
T002800,1
T002801,1
T002802,1
T002803,1
T002804,1
T002805,1
T002806,1
T002807,1
T002808,1
T002809,1
T002810,1
T002811,1
T002812,1
T002813,1
T002814,0
T002815,1
T002816,0
T002817,1
T002818,1
T002819,1
T002820,1
T002821,1
T002822,1
T002823,1
T002824,1
T002825,1
T002826,1
T002827,1
T002828,0
T002829,1
T002830,1
T002831,1
T002832,1
T002833,1
T002834,1
T002835,1
T002836,1
T002837,1
T002838,0
T002839,1
T002840,1
T002841,1
T002842,1
T002843,1
T002844,1
T002845,0
T002846,1
T002847,1
T002848,1
T002849,1
T002850,1
T002851,1
T002852,1
T002853,1
T002854,1
T002855,1
T002856,1
T002857,0
T002858,1
T002859,1
T002860,1
T002861,1
T002862,1
T002863,1
T002864,1
T002865,1
T002866,1
T002867,1
T002868,1
T002869,1
T002870,1
T002871,1
T002872,1
T002873,1
T002874,1
T002875,1
T002876,1
T002877,1
T002878,1
T002879,1
T002880,1
T002881,0
T002882,1
T002883,1
T002884,1
T002885,1
T002886,1
T002887,1
T002888,1
T002889,1
T002890,1
T002891,1
T002892,1
T002893,1
T002894,1
T002895,1
T002896,1
T002897,1
T002898,1
T002899,1
T002900,1
T002901,1
T002902,1
T002903,1
T002904,1
T002905,1
T002906,1
T002907,1
T002908,1
T002909,1
T002910,1
T002911,1
T002912,1
T002913,1
T002914,0
T002915,1
T002916,1
T002917,1
T002918,1
T002919,1
T002920,1
T002921,1
T002922,1
T002923,1
T002924,1
T002925,1
T002926,1
T002927,1
T002928,1
T002929,1
T002930,1
T002931,1
T002932,1
T002933,1
T002934,1
T002935,1
T002936,1
T002937,1
T002938,1
T002939,1
T002940,1
T002941,1
T002942,0
T002943,1
T002944,1
T002945,1
T002946,1
T002947,1
T002948,1
T002949,0
T002950,1
T002951,1
T002952,1
T002953,1
T002954,1
T002955,1
T002956,1
T002957,1
T002958,1
T002959,1
T002960,1
T002961,1
T002962,1
T002963,1
T002964,1
T002965,1
T002966,1
T002967,1
T002968,0
T002969,1
T002970,1
T002971,1
T002972,1
T002973,1
T002974,1
T002975,1
T002976,1
T002977,1
T002978,1
T002979,1
T002980,1
T002981,1
T002982,1
T002983,1
T002984,0
T002985,1
T002986,1
T002987,1
T002988,1
T002989,1
T002990,1
T002991,1
T002992,1
T002993,1
T002994,1
T002995,1
T002996,1
T002997,1
T002998,0
T002999,1
T003000,1
T003001,0
T003002,1
T003003,0
T003004,1
T003005,1
T003006,1
T003007,1
T003008,1
T003009,1
T003010,1
T003011,1
T003012,1
T003013,1
T003014,1
T003015,1
T003016,1
T003017,1
T003018,1
T003019,1
T003020,1
T003021,1
T003022,1
T003023,1
T003024,1
T003025,1
T003026,0
T003027,0
T003028,1
T003029,1
T003030,0
T003031,1
T003032,0
T003033,1
T003034,1
T003035,1
T003036,0
T003037,1
T003038,1
T003039,1
T003040,1
T003041,1
T003042,1
T003043,1
T003044,1
T003045,1
T003046,1
T003047,0
T003048,1
T003049,1
T003050,1
T003051,1
T003052,1
T003053,1
T003054,1
T003055,1
T003056,1
T003057,1
T003058,0
T003059,1
T003060,1
T003061,1
T003062,1
T003063,1
T003064,1
T003065,1
T003066,1
T003067,1
T003068,1
T003069,1
T003070,1
T003071,1
T003072,1
T003073,1
T003074,1
T003075,0
T003076,1
T003077,1
T003078,1
T003079,1
T003080,1
T003081,1
T003082,1
T003083,1
T003084,1
T003085,1
T003086,1
T003087,1
T003088,1
T003089,1
T003090,1
T003091,1
T003092,0
T003093,1
T003094,1
T003095,1
T003096,1
T003097,1
T003098,1
T003099,1
T003100,1
T003101,1
T003102,1
T003103,1
T003104,1
T003105,1
T003106,0
T003107,1
T003108,1
T003109,1
T003110,1
T003111,1
T003112,1
T003113,1
T003114,1
T003115,1
T003116,1
T003117,1
T003118,0
T003119,0
T003120,1
T003121,1
T003122,1
T003123,1
T003124,1
T003125,1
T003126,1
T003127,1
T003128,1
T003129,0
T003130,1
T003131,0
T003132,1
T003133,1
T003134,1
T003135,1
T003136,1
T003137,1
T003138,1
T003139,1
T003140,1
T003141,1
T003142,1
T003143,0
T003144,1
T003145,1
T003146,1
T003147,1
T003148,0
T003149,1
T003150,1
T003151,1
T003152,1
T003153,1
T003154,1
T003155,1
T003156,1
T003157,1
T003158,1
T003159,1
T003160,1
T003161,1
T003162,1
T003163,1
T003164,1
T003165,1
T003166,1
T003167,1
T003168,1
T003169,1
T003170,1
T003171,1
T003172,1
T003173,1
T003174,1
T003175,1
T003176,1
T003177,1
T003178,1
T003179,1
T003180,1
T003181,1
T003182,1
T003183,1
T003184,1
T003185,1
T003186,1
T003187,1
T003188,1
T003189,1
T003190,1
T003191,1
T003192,1
T003193,1
T003194,1
T003195,1
T003196,1
T003197,1
T003198,1
T003199,0
T003200,1
T003201,1
T003202,1
T003203,1
T003204,1
T003205,1
T003206,1
T003207,1
T003208,0
T003209,1
T003210,1
T003211,1
T003212,1
T003213,1
T003214,1
T003215,1
T003216,1
T003217,1
T003218,1
T003219,1
T003220,1
T003221,1
T003222,1
T003223,1
T003224,1
T003225,1
T003226,1
T003227,1
T003228,1
T003229,1
T003230,1
T003231,1
T003232,1
T003233,1
T003234,1
T003235,1
T003236,1
T003237,1
T003238,1
T003239,1
T003240,1
T003241,1
T003242,1
T003243,1
T003244,1
T003245,1
T003246,0
T003247,1
T003248,1
T003249,0
T003250,1
T003251,1
T003252,1
T003253,1
T003254,1
T003255,1
T003256,1
T003257,1
T003258,1
T003259,1
T003260,1
T003261,1
T003262,1
T003263,1
T003264,1
T003265,1
T003266,1
T003267,1
T003268,1
T003269,1
T003270,1
T003271,1
T003272,1
T003273,1
T003274,1
T003275,1
T003276,1
T003277,1
T003278,1
T003279,1
T003280,1
T003281,0
T003282,1
T003283,1
T003284,1
T003285,1
T003286,1
T003287,1
T003288,1
T003289,1
T003290,1
T003291,1
T003292,0
T003293,1
T003294,1
T003295,1
T003296,1
T003297,1
T003298,1
T003299,1
T003300,1
T003301,1
T003302,1
T003303,1
T003304,1
T003305,1
T003306,0
T003307,1
T003308,1
T003309,1
T003310,1
T003311,1
T003312,1
T003313,1
T003314,1
T003315,1
T003316,1
T003317,1
T003318,1
T003319,1
T003320,1
T003321,1
T003322,1
T003323,1
T003324,1
T003325,1
T003326,0
T003327,1
T003328,0
T003329,1
T003330,1
T003331,1
T003332,1
T003333,1
T003334,0
T003335,1
T003336,1
T003337,1
T003338,1
T003339,1
T003340,1
T003341,1
T003342,1
T003343,1
T003344,1
T003345,1
T003346,1
T003347,1
T003348,1
T003349,1
T003350,1
T003351,1
T003352,1
T003353,1
T003354,1
T003355,1
T003356,1
T003357,0
T003358,1
T003359,1
T003360,0
T003361,1
T003362,1
T003363,1
T003364,1
T003365,0
T003366,1
T003367,1
T003368,1
T003369,0
T003370,1
T003371,1
T003372,1
T003373,1
T003374,0
T003375,1
T003376,1
T003377,1
T003378,1
T003379,1
T003380,1
T003381,1
T003382,1
T003383,1
T003384,1
T003385,1
T003386,1
T003387,1
T003388,0
T003389,1
T003390,1
T003391,1
T003392,1
T003393,1
T003394,1
T003395,1
T003396,1
T003397,1
T003398,1
T003399,1
T003400,1
T003401,1
T003402,1
T003403,1
T003404,1
T003405,1
T003406,1
T003407,1
T003408,1
T003409,1
T003410,1
T003411,1
T003412,1
T003413,1
T003414,1
T003415,1
T003416,1
T003417,1
T003418,1
T003419,1
T003420,1
T003421,1
T003422,1
T003423,1
T003424,1
T003425,0
T003426,1
T003427,1
T003428,1
T003429,1
T003430,1
T003431,1
T003432,1
T003433,1
T003434,1
T003435,0
T003436,1
T003437,1
T003438,0
T003439,1
T003440,1
T003441,1
T003442,1
T003443,1
T003444,1
T003445,1
T003446,1
T003447,1
T003448,1
T003449,1
T003450,1
T003451,1
T003452,0
T003453,1
T003454,1
T003455,0
T003456,0
T003457,1
T003458,1
T003459,1
T003460,1
T003461,1
T003462,1
T003463,1
T003464,1
T003465,1
T003466,1
T003467,1
T003468,1
T003469,1
T003470,1
T003471,1
T003472,1
T003473,1
T003474,0
T003475,1
T003476,1
T003477,1
T003478,1
T003479,1
T003480,1
T003481,1
T003482,1
T003483,1
T003484,1
T003485,1
T003486,0
T003487,1
T003488,0
T003489,1
T003490,1
T003491,1
T003492,1
T003493,1
T003494,0
T003495,1
T003496,1
T003497,1
T003498,1
T003499,1
T003500,1
T003501,1
T003502,1
T003503,1
T003504,1
T003505,1
T003506,1
T003507,1
T003508,1
T003509,1
T003510,1
T003511,1
T003512,1
T003513,1
T003514,1
T003515,1
T003516,1
T003517,1
T003518,0
T003519,1
T003520,1
T003521,1
T003522,1
T003523,1
T003524,1
T003525,1
T003526,1
T003527,1
T003528,0
T003529,1
T003530,1
T003531,1
T003532,1
T003533,1
T003534,1
T003535,1
T003536,1
T003537,0
T003538,0
T003539,0
T003540,1
T003541,1
T003542,1
T003543,1
T003544,1
T003545,1
T003546,1
T003547,1
T003548,1
T003549,1
T003550,1
T003551,1
T003552,1
T003553,1
T003554,1
T003555,1
T003556,1
T003557,1
T003558,1
T003559,1
T003560,1
T003561,1
T003562,1
T003563,1
T003564,1
T003565,1
T003566,1
T003567,1
T003568,1
T003569,1
T003570,1
T003571,1
T003572,1
T003573,1
T003574,1
T003575,1
T003576,1
T003577,1
T003578,1
T003579,1
T003580,1
T003581,1
T003582,1
T003583,1
T003584,0
T003585,1
T003586,1
T003587,0
T003588,1
T003589,1
T003590,1
T003591,1
T003592,1
T003593,1
T003594,1
T003595,1
T003596,1
T003597,1
T003598,1
T003599,1
T003600,1
T003601,1
T003602,1
T003603,1
T003604,1
T003605,1
T003606,0
T003607,1
T003608,1
T003609,1
T003610,1
T003611,1
T003612,1
T003613,1
T003614,1
T003615,1
T003616,1
T003617,1
T003618,1
T003619,1
T003620,1
T003621,1
T003622,1
T003623,1
T003624,1
T003625,1
T003626,1
T003627,1
T003628,1
T003629,1
T003630,1
T003631,1
T003632,1
T003633,0
T003634,1
T003635,1
T003636,0
T003637,1
T003638,1
T003639,1
T003640,1
T003641,0
T003642,1
T003643,1
T003644,1
T003645,1
T003646,1
T003647,1
T003648,1
T003649,1
T003650,0
T003651,1
T003652,1
T003653,1
T003654,1
T003655,1
T003656,1
T003657,1
T003658,1
T003659,1
T003660,1
T003661,1
T003662,1
T003663,1
T003664,1
T003665,1
T003666,0
T003667,1
T003668,1
T003669,1
T003670,1
T003671,1
T003672,1
T003673,1
T003674,1
T003675,1
T003676,1
T003677,1
T003678,1
T003679,1
T003680,1
T003681,1
T003682,1
T003683,1
T003684,1
T003685,1
T003686,1
T003687,1
T003688,1
T003689,1
T003690,1
T003691,1
T003692,1
T003693,1
T003694,1
T003695,1
T003696,1
T003697,1
T003698,1
T003699,1
T003700,1
T003701,1
T003702,1
T003703,0
T003704,0
T003705,1
T003706,0
T003707,0
T003708,1
T003709,1
T003710,0
T003711,1
T003712,1
T003713,1
T003714,1
T003715,1
T003716,1
T003717,1
T003718,1
T003719,1
T003720,1
T003721,1
T003722,1
T003723,1
T003724,1
T003725,1
T003726,1
T003727,1
T003728,1
T003729,1
T003730,0
T003731,1
T003732,1
T003733,1
T003734,1
T003735,1
T003736,1
T003737,1
T003738,1
T003739,1
T003740,1
T003741,0
T003742,1
T003743,0
T003744,1
T003745,1
T003746,1
T003747,1
T003748,0
T003749,1
T003750,1
T003751,1
T003752,1
T003753,1
T003754,1
T003755,1
T003756,1
T003757,1
T003758,0
T003759,1
T003760,1
T003761,1
T003762,1
T003763,1
T003764,1
T003765,1
T003766,1
T003767,1
T003768,1
T003769,1
T003770,1
T003771,1
T003772,0
T003773,1
T003774,0
T003775,1
T003776,1
T003777,1
T003778,1
T003779,1
T003780,1
T003781,1
T003782,1
T003783,1
T003784,1
T003785,1
T003786,1
T003787,1
T003788,1
T003789,1
T003790,1
T003791,1
T003792,0
T003793,1
T003794,1
T003795,1
T003796,1
T003797,1
T003798,1
T003799,1
T003800,1
T003801,1
T003802,1
T003803,1
T003804,1
T003805,1
T003806,1
T003807,1
T003808,0
T003809,1
T003810,1
T003811,1
T003812,1
T003813,1
T003814,1
T003815,1
T003816,1
T003817,1
T003818,1
T003819,1
T003820,1
T003821,0
T003822,0
T003823,1
T003824,1
T003825,1
T003826,1
T003827,1
T003828,1
T003829,1
T003830,1
T003831,1
T003832,1
T003833,1
T003834,1
T003835,1
T003836,1
T003837,0
T003838,1
T003839,1
T003840,0
T003841,1
T003842,1
T003843,1
T003844,1
T003845,1
T003846,1
T003847,1
T003848,1
T003849,1
T003850,1
T003851,1
T003852,1
T003853,1
T003854,1
T003855,1
T003856,1
T003857,0
T003858,1
T003859,1
T003860,1
T003861,1
T003862,1
T003863,1
T003864,1
T003865,1
T003866,1
T003867,1
T003868,1
T003869,1
T003870,1
T003871,1
T003872,1
T003873,1
T003874,1
T003875,1
T003876,1
T003877,1
T003878,1
T003879,1
T003880,1
T003881,0
T003882,1
T003883,1
T003884,1
T003885,1
T003886,1
T003887,1
T003888,1
T003889,1
T003890,1
T003891,1
T003892,1
T003893,1
T003894,1
T003895,1
T003896,1
T003897,1
T003898,1
T003899,1
T003900,1
T003901,1
T003902,1
T003903,1
T003904,1
T003905,1
T003906,1
T003907,1
T003908,1
T003909,1
T003910,1
T003911,0
T003912,1
T003913,1
T003914,1
T003915,1
T003916,1
T003917,1
T003918,1
T003919,1
T003920,1
T003921,0
T003922,1
T003923,1
T003924,1
T003925,1
T003926,1
T003927,1
T003928,1
T003929,1
T003930,1
T003931,1
T003932,1
T003933,1
T003934,1
T003935,1
T003936,1
T003937,1
T003938,1
T003939,1
T003940,0
T003941,1
T003942,1
T003943,1
T003944,1
T003945,1
T003946,1
T003947,1
T003948,1
T003949,1
T003950,1
T003951,1
T003952,1
T003953,1
T003954,1
T003955,1
T003956,1
T003957,1
T003958,1
T003959,1
T003960,1
T003961,1
T003962,1
T003963,1
T003964,1
T003965,1
T003966,1
T003967,0
T003968,1
T003969,1
T003970,1
T003971,0
T003972,1
T003973,1
T003974,1
T003975,1
T003976,1
T003977,1
T003978,1
T003979,1
T003980,0
T003981,1
T003982,1
T003983,1
T003984,1
T003985,1
T003986,0
T003987,1
T003988,1
T003989,1
T003990,1
T003991,1
T003992,1
T003993,1
T003994,1
T003995,1
T003996,1
T003997,1
T003998,1
T003999,1
T004000,1
T004001,1
T004002,1
T004003,1
T004004,1
T004005,1
T004006,1
T004007,1
T004008,1
T004009,1
T004010,1
T004011,0
T004012,0
T004013,1
T004014,1
T004015,1
T004016,1
T004017,1
T004018,0
T004019,1
T004020,1
T004021,1
T004022,0
T004023,1
T004024,1
T004025,1
T004026,1
T004027,1
T004028,1
T004029,1
T004030,1
T004031,1
T004032,1
T004033,1
T004034,1
T004035,1
T004036,0
T004037,1
T004038,0
T004039,1
T004040,1
T004041,1
T004042,1
T004043,1
T004044,1
T004045,1
T004046,1
T004047,1
T004048,1
T004049,1
T004050,1
T004051,1
T004052,1
T004053,1
T004054,1
T004055,1
T004056,1
T004057,1
T004058,0
T004059,1
T004060,1
T004061,1
T004062,1
T004063,1
T004064,1
T004065,1
T004066,1
T004067,0
T004068,1
T004069,1
T004070,1
T004071,1
T004072,1
T004073,1
T004074,1
T004075,1
T004076,1
T004077,1
T004078,1
T004079,1
T004080,1
T004081,1
T004082,1
T004083,1
T004084,1
T004085,1
T004086,1
T004087,1
T004088,1
T004089,1
T004090,1
T004091,1
T004092,1
T004093,1
T004094,1
T004095,1
T004096,1
T004097,1
T004098,1
T004099,1
T004100,1
T004101,1
T004102,1
T004103,1
T004104,1
T004105,1
T004106,1
T004107,1
T004108,1
T004109,1
T004110,1
T004111,1
T004112,1
T004113,1
T004114,0
T004115,0
T004116,1
T004117,1
T004118,1
T004119,1
T004120,1
T004121,1
T004122,1
T004123,1
T004124,1
T004125,1
T004126,1
T004127,1
T004128,1
T004129,1
T004130,1
T004131,1
T004132,1
T004133,1
T004134,1
T004135,1
T004136,1
T004137,1
T004138,1
T004139,1
T004140,1
T004141,1
T004142,1
T004143,1
T004144,1
T004145,1
T004146,1
T004147,1
T004148,1
T004149,1
T004150,1
T004151,1
T004152,1
T004153,1
T004154,1
T004155,1
T004156,1
T004157,1
T004158,1
T004159,1
T004160,1
T004161,0
T004162,1
T004163,1
T004164,1
T004165,1
T004166,1
T004167,1
T004168,1
T004169,1
T004170,1
T004171,1
T004172,1
T004173,1
T004174,1
T004175,1
T004176,1
T004177,1
T004178,1
T004179,1
T004180,1
T004181,1
T004182,1
T004183,1
T004184,0
T004185,1
T004186,1
T004187,0
T004188,1
T004189,1
T004190,1
T004191,1
T004192,1
T004193,1
T004194,1
T004195,1
T004196,1
T004197,1
T004198,1
T004199,1
T004200,1
T004201,1
T004202,1
T004203,0
T004204,1
T004205,1
T004206,1
T004207,1
T004208,1
T004209,1
T004210,1
T004211,0
T004212,0
T004213,1
T004214,1
T004215,1
T004216,1
T004217,0
T004218,1
T004219,1
T004220,1
T004221,1
T004222,1
T004223,1
T004224,1
T004225,1
T004226,1
T004227,0
T004228,1
T004229,1
T004230,1
T004231,1
T004232,1
T004233,1
T004234,1
T004235,1
T004236,1
T004237,1
T004238,1
T004239,1
T004240,1
T004241,1
T004242,1
T004243,1
T004244,1
T004245,1
T004246,1
T004247,1
T004248,1
T004249,1
T004250,1
T004251,1
T004252,1
T004253,1
T004254,1
T004255,1
T004256,1
T004257,1
T004258,1
T004259,1
T004260,0
T004261,1
T004262,1
T004263,1
T004264,1
T004265,1
T004266,1
T004267,1
T004268,1
T004269,1
T004270,1
T004271,0
T004272,1
T004273,1
T004274,1
T004275,1
T004276,1
T004277,1
T004278,0
T004279,1
T004280,1
T004281,1
T004282,1
T004283,1
T004284,1
T004285,1
T004286,1
T004287,1
T004288,1
T004289,1
T004290,1
T004291,1
T004292,0
T004293,1
T004294,1
T004295,1
T004296,1
T004297,0
T004298,1
T004299,1
T004300,1
T004301,1
T004302,1
T004303,1
T004304,1
T004305,1
T004306,1
T004307,1
T004308,1
T004309,1
T004310,1
T004311,1
T004312,1
T004313,1
T004314,1
T004315,1
T004316,1
T004317,1
T004318,1
T004319,1
T004320,1
T004321,1
T004322,1
T004323,1
T004324,1
T004325,0
T004326,1
T004327,1
T004328,1
T004329,1
T004330,1
T004331,1
T004332,1
T004333,1
T004334,1
T004335,1
T004336,1
T004337,1
T004338,1
T004339,1
T004340,1
T004341,1
T004342,1
T004343,1
T004344,0
T004345,1
T004346,1
T004347,1
T004348,1
T004349,1
T004350,1
T004351,1
T004352,1
T004353,1
T004354,1
T004355,1
T004356,1
T004357,1
T004358,1
T004359,1
T004360,1
T004361,1
T004362,1
T004363,1
T004364,1
T004365,1
T004366,1
T004367,1
T004368,1
T004369,1
T004370,1
T004371,1
T004372,1
T004373,1
T004374,1
T004375,1
T004376,1
T004377,1
T004378,1
T004379,1
T004380,1
T004381,1
T004382,1
T004383,1
T004384,1
T004385,1
T004386,1
T004387,1
T004388,1
T004389,1
T004390,1
T004391,1
T004392,1
T004393,1
T004394,0
T004395,1
T004396,1
T004397,1
T004398,1
T004399,1
T004400,1
T004401,1
T004402,1
T004403,0
T004404,1
T004405,1
T004406,1
T004407,1
T004408,1
T004409,1
T004410,1
T004411,1
T004412,1
T004413,1
T004414,1
T004415,1
T004416,1
T004417,0
T004418,1
T004419,1
T004420,1
T004421,1
T004422,1
T004423,1
T004424,1
T004425,1
T004426,0
T004427,1
T004428,1
T004429,1
T004430,0
T004431,1
T004432,1
T004433,1
T004434,1
T004435,1
T004436,1
T004437,1
T004438,0
T004439,1
T004440,1
T004441,1
T004442,1
T004443,1
T004444,1
T004445,1
T004446,1
T004447,1
T004448,1
T004449,1
T004450,1
T004451,1
T004452,1
T004453,1
T004454,1
T004455,1
T004456,1
T004457,1
T004458,1
T004459,1
T004460,1
T004461,1
T004462,1
T004463,1
T004464,1
T004465,1
T004466,1
T004467,1
T004468,1
T004469,1
T004470,1
T004471,1
T004472,0
T004473,1
T004474,1
T004475,1
T004476,1
T004477,1
T004478,1
T004479,1
T004480,1
T004481,1
T004482,1
T004483,1
T004484,1
T004485,1
T004486,1
T004487,1
T004488,1
T004489,0
T004490,1
T004491,1
T004492,1
T004493,1
T004494,1
T004495,1
T004496,1
T004497,1
T004498,1
T004499,1
T004500,1
T004501,1
T004502,1
T004503,0
T004504,1
T004505,1
T004506,1
T004507,1
T004508,0
T004509,1
T004510,1
T004511,1
T004512,1
T004513,1
T004514,1
T004515,1
T004516,1
T004517,1
T004518,1
T004519,1
T004520,1
T004521,1
T004522,1
T004523,1
T004524,1
T004525,1
T004526,1
T004527,1
T004528,1
T004529,1
T004530,1
T004531,1
T004532,1
T004533,1
T004534,1
T004535,1
T004536,1
T004537,1
T004538,1
T004539,1
T004540,0
T004541,1
T004542,1
T004543,1
T004544,1
T004545,1
T004546,1
T004547,1
T004548,0
T004549,1
T004550,1
T004551,1
T004552,1
T004553,1
T004554,1
T004555,1
T004556,1
T004557,1
T004558,1
T004559,1
T004560,1
T004561,1
T004562,1
T004563,1
T004564,1
T004565,1
T004566,1
T004567,1
T004568,1
T004569,1
T004570,1
T004571,1
T004572,1
T004573,1
T004574,1
T004575,1
T004576,1
T004577,1
T004578,1
T004579,1
T004580,1
T004581,1
T004582,1
T004583,1
T004584,0
T004585,1
T004586,1
T004587,1
T004588,1
T004589,1
T004590,1
T004591,1
T004592,1
T004593,1
T004594,1
T004595,1
T004596,1
T004597,1
T004598,1
T004599,1
T004600,1
T004601,1
T004602,1
T004603,1
T004604,1
T004605,1
T004606,1
T004607,1
T004608,1
T004609,1
T004610,1
T004611,1
T004612,1
T004613,1
T004614,1
T004615,1
T004616,1
T004617,1
T004618,1
T004619,0
T004620,1
T004621,1
T004622,1
T004623,1
T004624,1
T004625,1
T004626,1
T004627,1
T004628,1
T004629,1
T004630,1
T004631,1
T004632,1
T004633,1
T004634,1
T004635,1
T004636,1
T004637,1
T004638,1
T004639,1
T004640,1
T004641,1
T004642,1
T004643,1
T004644,1
T004645,1
T004646,1
T004647,1
T004648,1
T004649,1
T004650,1
T004651,1
T004652,1
T004653,1
T004654,1
T004655,1
T004656,1
T004657,1
T004658,1
T004659,1
T004660,1
T004661,1
T004662,1
T004663,1
T004664,1
T004665,1
T004666,1
T004667,1
T004668,0
T004669,1
T004670,1
T004671,0
T004672,0
T004673,1
T004674,1
T004675,1
T004676,1
T004677,1
T004678,0
T004679,1
T004680,1
T004681,1
T004682,1
T004683,1
T004684,1
T004685,1
T004686,1
T004687,1
T004688,1
T004689,1
T004690,1
T004691,1
T004692,1
T004693,1
T004694,1
T004695,1
T004696,1
T004697,1
T004698,1
T004699,1
T004700,1
T004701,1
T004702,1
T004703,1
T004704,1
T004705,1
T004706,1
T004707,1
T004708,1
T004709,0
T004710,0
T004711,1
T004712,1
T004713,1
T004714,1
T004715,1
T004716,1
T004717,1
T004718,1
T004719,1
T004720,1
T004721,1
T004722,1
T004723,1
T004724,1
T004725,1
T004726,1
T004727,1
T004728,1
T004729,1
T004730,1
T004731,0
T004732,1
T004733,1
T004734,1
T004735,1
T004736,1
T004737,0
T004738,1
T004739,1
T004740,1
T004741,1
T004742,1
T004743,0
T004744,0
T004745,1
T004746,1
T004747,1
T004748,1
T004749,1
T004750,1
T004751,1
T004752,1
T004753,1
T004754,1
T004755,1
T004756,1
T004757,1
T004758,1
T004759,1
T004760,1
T004761,1
T004762,1
T004763,1
T004764,1
T004765,1
T004766,1
T004767,1
T004768,1
T004769,1
T004770,1
T004771,1
T004772,1
T004773,1
T004774,1
T004775,1
T004776,1
T004777,1
T004778,1
T004779,1
T004780,1
T004781,1
T004782,1
T004783,1
T004784,1
T004785,1
T004786,1
T004787,1
T004788,1
T004789,1
T004790,0
T004791,1
T004792,1
T004793,1
T004794,1
T004795,0
T004796,1
T004797,1
T004798,1
T004799,1
T004800,1
T004801,1
T004802,1
T004803,1
T004804,1
T004805,1
T004806,1
T004807,1
T004808,1
T004809,1
T004810,1
T004811,1
T004812,1
T004813,1
T004814,1
T004815,1
T004816,1
T004817,1
T004818,1
T004819,1
T004820,1
T004821,1
T004822,1
T004823,1
T004824,1
T004825,1
T004826,1
T004827,1
T004828,1
T004829,1
T004830,1
T004831,1
T004832,1
T004833,1
T004834,1
T004835,1
T004836,1
T004837,1
T004838,0
T004839,1
T004840,1
T004841,1
T004842,1
T004843,1
T004844,1
T004845,1
T004846,1
T004847,1
T004848,1
T004849,0
T004850,1
T004851,1
T004852,1
T004853,1
T004854,1
T004855,1
T004856,1
T004857,1
T004858,1
T004859,1
T004860,1
T004861,1
T004862,1
T004863,0
T004864,1
T004865,1
T004866,1
T004867,1
T004868,1
T004869,1
T004870,1
T004871,1
T004872,1
T004873,1
T004874,1
T004875,1
T004876,0
T004877,1
T004878,0
T004879,1
T004880,1
T004881,1
T004882,1
T004883,1
T004884,1
T004885,0
T004886,1
T004887,1
T004888,1
T004889,1
T004890,1
T004891,1
T004892,1
T004893,1
T004894,1
T004895,1
T004896,1
T004897,1
T004898,1
T004899,1
T004900,1
T004901,0
T004902,1
T004903,1
T004904,1
T004905,1
T004906,1
T004907,1
T004908,1
T004909,1
T004910,1
T004911,1
T004912,1
T004913,1
T004914,1
T004915,1
T004916,1
T004917,1
T004918,1
T004919,1
T004920,1
T004921,1
T004922,1
T004923,1
T004924,1
T004925,1
T004926,1
T004927,1
T004928,1
T004929,1
T004930,1
T004931,1
T004932,1
T004933,1
T004934,0
T004935,1
T004936,1
T004937,1
T004938,1
T004939,1
T004940,1
T004941,1
T004942,1
T004943,1
T004944,0
T004945,1
T004946,1
T004947,1
T004948,1
T004949,1
T004950,1
T004951,0
T004952,1
T004953,1
T004954,1
T004955,1
T004956,1
T004957,1
T004958,1
T004959,1
T004960,0
T004961,1
T004962,1
T004963,1
T004964,1
T004965,1
T004966,1
T004967,1
T004968,0
T004969,0
T004970,1
T004971,1
T004972,1
T004973,1
T004974,1
T004975,1
T004976,1
T004977,1
T004978,1
T004979,1
T004980,1
T004981,1
T004982,1
T004983,1
T004984,1
T004985,1
T004986,1
T004987,1
T004988,1
T004989,1
T004990,1
T004991,1
T004992,0
T004993,1
T004994,1
T004995,1
T004996,1
T004997,1
T004998,0
T004999,1
T005000,1
